{
  "$schema": "https://biomejs.dev/schemas/2.2.0/schema.json",
  "vcs": {
    "enabled": true,
    "clientKind": "git",
    "useIgnoreFile": true
  },
  "files": {
    "ignoreUnknown": true,
    "includes": ["**", "!node_modules", "!.next", "!dist", "!build"]
  },
  "formatter": {
    "enabled": true,
    "indentStyle": "space",
    "indentWidth": 2,
    "lineWidth": 80
  },
  "linter": {
    "enabled": true,
    "rules": {
      "recommended": true,

      "suspicious": {
        "noUnknownAtRules": "off",
        "noTemplateCurlyInString": "error"
      },
      "correctness": {
        "noUnusedImports": "error",
        "noUnusedVariables": "error"
      },
      "complexity": {
        "useLiteralKeys": "error",
        "noUselessFragments": "error"
      },
      "performance": {
        "noDelete": "error",
        "noAccumulatingSpread": "error"
      },
      "style": {
        "useImportType": "error",
        "useExportType": "error"
      }
    },
    "domains": {
      "next": "recommended",
      "react": "recommended"
    }
  },
  "javascript": {
    "formatter": {
      "quoteStyle": "double",
      "semicolons": "always",
      "trailingCommas": "es5"
    }
  }
}
